transaction_id,account_number,transaction_date,transaction_type,amount,debit_credit,balance_after,channel,remarks,status
TXN000000000012,ACC000000000781,2025-07-28 02:04:41,DEPOSIT,7512.45,DR,28138.71,ATM,Transaction 12,SUCCESS
TXN000000000023,ACC000000001375,2025-09-01 02:04:41,DEPOSIT,3008.56,CR,47340.33,ONLINE,Transaction 23,PENDING
TXN000000000027,ACC000000000140,2025-10-16 02:04:41,DEPOSIT,8806.19,DR,8260.17,POS,Transaction 27,PENDING
TXN000000000028,ACC000000000324,2025-11-05 02:04:41,DEPOSIT,8749.98,CR,24163.52,BRANCH,Transaction 28,FAILED
TXN000000000037,ACC000000000573,2025-05-13 02:04:41,DEPOSIT,483.04,CR,9444.54,MOBILE,Transaction 37,FAILED
TXN000000000040,ACC000000001390,2025-11-03 02:04:41,DEPOSIT,5623.95,DR,3266.08,BRANCH,Transaction 40,FAILED
TXN000000000050,ACC000000001140,2025-05-06 02:04:41,DEPOSIT,9478.44,CR,1765.77,BRANCH,Transaction 50,PENDING
TXN000000000051,ACC000000000099,2025-06-01 02:04:41,DEPOSIT,7887.91,CR,33807.68,MOBILE,Transaction 51,SUCCESS
TXN000000000055,ACC000000000459,2025-10-13 02:04:41,DEPOSIT,3986.52,CR,35642.92,BRANCH,Transaction 55,SUCCESS
TXN000000000057,ACC000000000205,2025-11-20 02:04:41,DEPOSIT,5515.52,DR,49724.94,POS,Transaction 57,SUCCESS
TXN000000000067,ACC000000000983,2026-01-07 02:04:41,DEPOSIT,6954.09,DR,3112.54,ONLINE,Transaction 67,FAILED
TXN000000000069,ACC000000000325,2025-08-07 02:04:41,DEPOSIT,6762.67,CR,47241.44,BRANCH,Transaction 69,SUCCESS
TXN000000000078,ACC000000000103,2025-02-26 02:04:41,DEPOSIT,2930.64,DR,16241.8,MOBILE,Transaction 78,PENDING
TXN000000000080,ACC000000000627,2025-03-23 02:04:41,DEPOSIT,7661.23,CR,45344.6,BRANCH,Transaction 80,FAILED
TXN000000000093,ACC000000001339,2025-07-07 02:04:41,DEPOSIT,4680.1,CR,5650.79,BRANCH,Transaction 93,SUCCESS
TXN000000000096,ACC000000000711,2025-10-02 02:04:41,DEPOSIT,4118.49,CR,6899.65,ONLINE,Transaction 96,FAILED
TXN000000000098,ACC000000000510,2025-01-29 02:04:41,DEPOSIT,2424.65,DR,41505.79,POS,Transaction 98,PENDING
TXN000000000121,ACC000000000911,2025-12-23 02:04:41,DEPOSIT,3198.59,CR,18318.71,ONLINE,Transaction 121,FAILED
TXN000000000122,ACC000000000334,2025-03-10 02:04:41,DEPOSIT,314.24,CR,41171.65,MOBILE,Transaction 122,SUCCESS
TXN000000000136,ACC000000000592,2025-10-08 02:04:41,DEPOSIT,3053.52,CR,19330.31,MOBILE,Transaction 136,SUCCESS
TXN000000000140,ACC000000000792,2025-07-18 02:04:41,DEPOSIT,9047.0,DR,14980.83,ATM,Transaction 140,PENDING
TXN000000000142,ACC000000000630,2025-05-31 02:04:41,DEPOSIT,7093.7,DR,13534.05,ATM,Transaction 142,SUCCESS
TXN000000000152,ACC000000001438,2025-04-08 02:04:41,DEPOSIT,6547.66,CR,17313.98,POS,Transaction 152,SUCCESS
TXN000000000155,ACC000000000979,2025-04-22 02:04:41,DEPOSIT,6180.27,CR,22099.45,BRANCH,Transaction 155,SUCCESS
TXN000000000160,ACC000000001291,2025-01-28 02:04:41,DEPOSIT,9862.11,DR,5652.83,MOBILE,Transaction 160,PENDING
TXN000000000169,ACC000000000339,2025-11-06 02:04:41,DEPOSIT,9561.29,CR,48609.36,ATM,Transaction 169,FAILED
TXN000000000171,ACC000000000855,2025-09-29 02:04:41,DEPOSIT,2137.67,CR,25779.86,ONLINE,Transaction 171,SUCCESS
TXN000000000175,ACC000000000919,2025-08-09 02:04:41,DEPOSIT,8584.31,CR,8607.84,POS,Transaction 175,PENDING
TXN000000000176,ACC000000001476,2025-08-05 02:04:41,DEPOSIT,7473.07,CR,4639.77,ONLINE,Transaction 176,SUCCESS
TXN000000000178,ACC000000001178,2025-05-16 02:04:41,DEPOSIT,1822.21,CR,20217.4,ATM,Transaction 178,SUCCESS
TXN000000000181,ACC000000000952,2025-07-21 02:04:41,DEPOSIT,9122.51,CR,47807.53,ATM,Transaction 181,FAILED
TXN000000000196,ACC000000000850,2025-04-08 02:04:41,DEPOSIT,8613.31,CR,1670.82,ONLINE,Transaction 196,SUCCESS
TXN000000000204,ACC000000000256,2025-09-12 02:04:41,DEPOSIT,4421.11,CR,46078.29,ATM,Transaction 204,SUCCESS
TXN000000000215,ACC000000000633,2025-11-30 02:04:41,DEPOSIT,1131.63,DR,33632.45,BRANCH,Transaction 215,SUCCESS
TXN000000000216,ACC000000000200,2025-02-01 02:04:41,DEPOSIT,2358.2,DR,31926.45,ATM,Transaction 216,PENDING
TXN000000000218,ACC000000000920,2025-05-28 02:04:41,DEPOSIT,7850.19,CR,37375.74,ATM,Transaction 218,SUCCESS
TXN000000000222,ACC000000001048,2025-06-20 02:04:41,DEPOSIT,614.17,CR,25374.61,MOBILE,Transaction 222,PENDING
TXN000000000223,ACC000000000661,2025-04-28 02:04:41,DEPOSIT,7868.21,DR,26828.56,MOBILE,Transaction 223,PENDING
TXN000000000225,ACC000000000551,2025-02-23 02:04:41,DEPOSIT,8967.17,CR,25148.97,ONLINE,Transaction 225,SUCCESS
TXN000000000233,ACC000000000490,2025-02-01 02:04:41,DEPOSIT,1201.39,CR,20405.61,POS,Transaction 233,SUCCESS
TXN000000000242,ACC000000000770,2025-10-15 02:04:41,DEPOSIT,7407.94,CR,18272.38,ATM,Transaction 242,FAILED
TXN000000000245,ACC000000000484,2025-09-30 02:04:41,DEPOSIT,2126.28,CR,34928.1,POS,Transaction 245,SUCCESS
TXN000000000249,ACC000000001437,2025-02-25 02:04:41,DEPOSIT,7600.93,DR,26359.87,MOBILE,Transaction 249,SUCCESS
TXN000000000253,ACC000000000535,2026-01-02 02:04:41,DEPOSIT,9457.08,DR,13048.67,POS,Transaction 253,SUCCESS
TXN000000000254,ACC000000000969,2025-11-26 02:04:41,DEPOSIT,8581.52,DR,17699.79,ATM,Transaction 254,FAILED
TXN000000000255,ACC000000000917,2025-07-16 02:04:41,DEPOSIT,8127.23,CR,46948.83,MOBILE,Transaction 255,SUCCESS
TXN000000000269,ACC000000001167,2025-08-09 02:04:41,DEPOSIT,4300.81,DR,46630.26,ONLINE,Transaction 269,SUCCESS
TXN000000000285,ACC000000000961,2025-04-04 02:04:41,DEPOSIT,4710.78,DR,31666.77,ATM,Transaction 285,SUCCESS
TXN000000000304,ACC000000001142,2026-01-16 02:04:41,DEPOSIT,4239.43,DR,13732.97,MOBILE,Transaction 304,SUCCESS
TXN000000000313,ACC000000001459,2025-12-09 02:04:41,DEPOSIT,718.65,CR,42667.49,ATM,Transaction 313,PENDING
TXN000000000327,ACC000000000634,2025-12-16 02:04:41,DEPOSIT,4526.83,DR,9496.41,ONLINE,Transaction 327,FAILED
TXN000000000331,ACC000000000958,2025-11-08 02:04:41,DEPOSIT,3322.15,DR,30035.01,ATM,Transaction 331,SUCCESS
TXN000000000341,ACC000000001367,2025-06-30 02:04:41,DEPOSIT,2266.8,DR,43511.7,ONLINE,Transaction 341,SUCCESS
TXN000000000343,ACC000000000079,2025-05-15 02:04:41,DEPOSIT,4938.87,DR,9505.35,BRANCH,Transaction 343,FAILED
TXN000000000346,ACC000000000329,2025-06-21 02:04:41,DEPOSIT,2308.11,DR,25095.21,ONLINE,Transaction 346,PENDING
TXN000000000347,ACC000000000144,2025-02-05 02:04:41,DEPOSIT,8082.03,CR,33158.93,MOBILE,Transaction 347,PENDING
TXN000000000348,ACC000000001440,2025-04-01 02:04:41,DEPOSIT,8668.41,DR,42558.16,ONLINE,Transaction 348,SUCCESS
TXN000000000352,ACC000000001330,2025-07-10 02:04:41,DEPOSIT,997.2,CR,37576.57,ATM,Transaction 352,SUCCESS
TXN000000000357,ACC000000001233,2025-09-23 02:04:41,DEPOSIT,4841.34,CR,7267.64,POS,Transaction 357,SUCCESS
TXN000000000363,ACC000000001121,2025-08-21 02:04:41,DEPOSIT,4038.48,DR,43969.19,MOBILE,Transaction 363,FAILED
TXN000000000367,ACC000000000164,2025-12-17 02:04:41,DEPOSIT,9544.0,CR,10576.33,ONLINE,Transaction 367,SUCCESS
TXN000000000369,ACC000000000390,2025-06-29 02:04:41,DEPOSIT,8505.92,CR,7019.34,MOBILE,Transaction 369,SUCCESS
TXN000000000370,ACC000000000424,2025-10-21 02:04:41,DEPOSIT,9659.29,CR,48528.53,MOBILE,Transaction 370,PENDING
TXN000000000372,ACC000000001159,2025-07-29 02:04:41,DEPOSIT,2556.99,CR,49293.15,ONLINE,Transaction 372,SUCCESS
TXN000000000375,ACC000000001282,2025-08-19 02:04:41,DEPOSIT,3792.99,CR,22056.94,ATM,Transaction 375,SUCCESS
TXN000000000383,ACC000000000400,2025-12-28 02:04:41,DEPOSIT,2355.0,CR,9438.8,MOBILE,Transaction 383,PENDING
TXN000000000398,ACC000000001038,2025-11-25 02:04:41,DEPOSIT,6761.96,CR,8832.79,BRANCH,Transaction 398,SUCCESS
TXN000000000401,ACC000000001108,2025-09-25 02:04:41,DEPOSIT,6554.96,CR,8012.97,MOBILE,Transaction 401,PENDING
TXN000000000416,ACC000000001235,2025-08-16 02:04:41,DEPOSIT,196.19,CR,5778.39,MOBILE,Transaction 416,SUCCESS
TXN000000000427,ACC000000000657,2025-12-26 02:04:41,DEPOSIT,8539.33,CR,23551.67,ONLINE,Transaction 427,PENDING
TXN000000000434,ACC000000000860,2026-01-16 02:04:41,DEPOSIT,1929.8,CR,41898.58,ATM,Transaction 434,PENDING
TXN000000000443,ACC000000000380,2025-09-01 02:04:41,DEPOSIT,9180.71,CR,48564.68,BRANCH,Transaction 443,FAILED
TXN000000000446,ACC000000001278,2025-06-16 02:04:41,DEPOSIT,7448.29,CR,42781.66,POS,Transaction 446,FAILED
TXN000000000448,ACC000000000913,2025-03-13 02:04:41,DEPOSIT,1551.78,DR,456.72,POS,Transaction 448,SUCCESS
TXN000000000453,ACC000000000845,2025-12-02 02:04:41,DEPOSIT,3830.95,DR,7633.31,BRANCH,Transaction 453,SUCCESS
TXN000000000455,ACC000000000001,2025-10-21 02:04:41,DEPOSIT,1091.21,CR,45364.26,BRANCH,Transaction 455,FAILED
TXN000000000465,ACC000000000406,2025-10-28 02:04:41,DEPOSIT,6086.05,DR,40920.92,BRANCH,Transaction 465,SUCCESS
TXN000000000480,ACC000000000360,2025-05-03 02:04:41,DEPOSIT,8441.02,DR,31136.88,ATM,Transaction 480,SUCCESS
TXN000000000489,ACC000000001372,2025-06-11 02:04:41,DEPOSIT,8892.86,CR,37619.22,ONLINE,Transaction 489,SUCCESS
TXN000000000490,ACC000000000101,2025-10-09 02:04:41,DEPOSIT,6569.84,CR,22400.57,BRANCH,Transaction 490,PENDING
TXN000000000501,ACC000000001057,2025-05-08 02:04:41,DEPOSIT,6212.51,CR,12808.5,ATM,Transaction 501,PENDING
TXN000000000503,ACC000000001092,2025-11-30 02:04:41,DEPOSIT,3838.95,DR,1919.69,ONLINE,Transaction 503,SUCCESS
TXN000000000509,ACC000000001289,2025-07-20 02:04:41,DEPOSIT,1888.3,CR,15685.57,BRANCH,Transaction 509,PENDING
TXN000000000511,ACC000000000642,2026-01-11 02:04:41,DEPOSIT,4002.0,DR,43700.22,POS,Transaction 511,PENDING
TXN000000000512,ACC000000000030,2025-12-05 02:04:41,DEPOSIT,6404.1,CR,13375.5,BRANCH,Transaction 512,SUCCESS
TXN000000000519,ACC000000000313,2025-12-22 02:04:41,DEPOSIT,5128.57,DR,4580.38,MOBILE,Transaction 519,PENDING
TXN000000000521,ACC000000000488,2025-11-08 02:04:41,DEPOSIT,1429.21,CR,27967.19,MOBILE,Transaction 521,SUCCESS
TXN000000000522,ACC000000001362,2026-01-21 02:04:41,DEPOSIT,4609.88,DR,25287.65,MOBILE,Transaction 522,SUCCESS
TXN000000000525,ACC000000000118,2025-09-28 02:04:41,DEPOSIT,7287.52,CR,11904.25,MOBILE,Transaction 525,SUCCESS
TXN000000000526,ACC000000001253,2025-08-25 02:04:41,DEPOSIT,5329.27,CR,11868.49,ATM,Transaction 526,SUCCESS
TXN000000000539,ACC000000001461,2025-02-18 02:04:41,DEPOSIT,2496.6,DR,23719.16,MOBILE,Transaction 539,SUCCESS
TXN000000000540,ACC000000000158,2025-08-04 02:04:41,DEPOSIT,9071.21,CR,37566.78,ONLINE,Transaction 540,FAILED
TXN000000000545,ACC000000001449,2025-10-01 02:04:41,DEPOSIT,6997.13,DR,31888.35,POS,Transaction 545,PENDING
TXN000000000548,ACC000000001194,2025-09-13 02:04:41,DEPOSIT,7142.06,DR,42144.1,POS,Transaction 548,FAILED
TXN000000000555,ACC000000001114,2025-08-09 02:04:41,DEPOSIT,5770.32,DR,43652.43,BRANCH,Transaction 555,SUCCESS
TXN000000000563,ACC000000000188,2025-05-22 02:04:41,DEPOSIT,1959.13,CR,49176.07,POS,Transaction 563,SUCCESS
TXN000000000578,ACC000000000983,2025-02-18 02:04:41,DEPOSIT,3631.42,DR,29718.33,ATM,Transaction 578,SUCCESS
TXN000000000585,ACC000000000867,2025-04-04 02:04:41,DEPOSIT,9670.5,DR,21372.14,ATM,Transaction 585,PENDING
TXN000000000588,ACC000000000128,2025-08-06 02:04:41,DEPOSIT,989.56,DR,18477.37,ATM,Transaction 588,PENDING
TXN000000000591,ACC000000000744,2025-12-11 02:04:41,DEPOSIT,7651.52,DR,9627.72,ONLINE,Transaction 591,FAILED
TXN000000000602,ACC000000001369,2025-04-10 02:04:41,DEPOSIT,4838.81,DR,23240.28,POS,Transaction 602,SUCCESS
TXN000000000611,ACC000000000205,2025-11-28 02:04:41,DEPOSIT,4995.72,CR,9225.56,ATM,Transaction 611,PENDING
TXN000000000623,ACC000000001016,2025-04-16 02:04:41,DEPOSIT,9601.57,CR,16592.42,POS,Transaction 623,SUCCESS
TXN000000000637,ACC000000000847,2025-09-15 02:04:41,DEPOSIT,909.12,CR,28723.93,ATM,Transaction 637,SUCCESS
TXN000000000647,ACC000000001224,2025-10-05 02:04:41,DEPOSIT,2131.41,CR,15125.3,ATM,Transaction 647,FAILED
TXN000000000662,ACC000000001355,2025-09-27 02:04:41,DEPOSIT,9675.71,CR,45480.73,MOBILE,Transaction 662,SUCCESS
TXN000000000670,ACC000000000908,2025-10-23 02:04:41,DEPOSIT,7788.6,DR,35961.09,ATM,Transaction 670,SUCCESS
TXN000000000679,ACC000000000884,2025-12-30 02:04:41,DEPOSIT,4151.93,DR,5458.85,MOBILE,Transaction 679,PENDING
TXN000000000692,ACC000000001250,2025-02-03 02:04:41,DEPOSIT,3685.45,DR,49878.56,ATM,Transaction 692,SUCCESS
TXN000000000704,ACC000000000501,2025-06-01 02:04:41,DEPOSIT,189.72,DR,23174.07,BRANCH,Transaction 704,FAILED
TXN000000000705,ACC000000001429,2025-02-08 02:04:41,DEPOSIT,858.63,CR,9674.71,POS,Transaction 705,SUCCESS
TXN000000000711,ACC000000000238,2025-10-25 02:04:41,DEPOSIT,678.99,DR,39180.83,POS,Transaction 711,SUCCESS
TXN000000000714,ACC000000001190,2025-06-21 02:04:41,DEPOSIT,6700.9,DR,38602.66,POS,Transaction 714,FAILED
TXN000000000715,ACC000000001140,2025-09-03 02:04:41,DEPOSIT,9681.84,CR,4612.74,BRANCH,Transaction 715,PENDING
TXN000000000718,ACC000000000162,2025-07-22 02:04:41,DEPOSIT,6411.32,CR,44053.93,POS,Transaction 718,SUCCESS
TXN000000000719,ACC000000001288,2025-03-18 02:04:41,DEPOSIT,5589.83,CR,188.7,ATM,Transaction 719,PENDING
TXN000000000724,ACC000000001439,2025-02-04 02:04:41,DEPOSIT,8137.39,DR,16236.4,BRANCH,Transaction 724,FAILED
TXN000000000732,ACC000000001494,2025-03-19 02:04:41,DEPOSIT,7711.09,DR,30201.26,BRANCH,Transaction 732,FAILED
TXN000000000745,ACC000000001171,2025-12-10 02:04:41,DEPOSIT,205.24,CR,12283.06,POS,Transaction 745,SUCCESS
TXN000000000746,ACC000000000081,2025-08-20 02:04:41,DEPOSIT,7515.95,DR,35893.71,POS,Transaction 746,PENDING
TXN000000000752,ACC000000000440,2026-01-11 02:04:41,DEPOSIT,1380.86,CR,43969.58,POS,Transaction 752,SUCCESS
TXN000000000754,ACC000000000449,2025-12-04 02:04:41,DEPOSIT,5306.31,CR,8635.69,ATM,Transaction 754,SUCCESS
TXN000000000755,ACC000000000354,2025-08-27 02:04:41,DEPOSIT,4541.11,CR,19161.7,MOBILE,Transaction 755,PENDING
TXN000000000765,ACC000000001405,2025-03-31 02:04:41,DEPOSIT,1333.44,CR,43559.71,MOBILE,Transaction 765,SUCCESS
TXN000000000771,ACC000000000679,2025-04-13 02:04:41,DEPOSIT,7124.1,DR,8505.33,ATM,Transaction 771,SUCCESS
TXN000000000774,ACC000000000529,2025-02-15 02:04:41,DEPOSIT,4425.25,DR,7697.24,POS,Transaction 774,SUCCESS
TXN000000000780,ACC000000001147,2025-08-11 02:04:41,DEPOSIT,3152.73,CR,40084.4,BRANCH,Transaction 780,PENDING
TXN000000000791,ACC000000000403,2025-05-28 02:04:41,DEPOSIT,5147.75,CR,46268.32,ATM,Transaction 791,PENDING
TXN000000000803,ACC000000000159,2025-10-18 02:04:41,DEPOSIT,988.74,DR,27812.34,MOBILE,Transaction 803,SUCCESS
TXN000000000810,ACC000000000324,2025-04-22 02:04:41,DEPOSIT,2469.71,DR,36289.98,BRANCH,Transaction 810,FAILED
TXN000000000831,ACC000000000094,2025-05-30 02:04:41,DEPOSIT,7699.99,CR,11852.01,MOBILE,Transaction 831,SUCCESS
TXN000000000833,ACC000000001046,2025-05-30 02:04:41,DEPOSIT,3355.39,CR,20422.85,BRANCH,Transaction 833,PENDING
TXN000000000851,ACC000000000838,2025-05-23 02:04:41,DEPOSIT,2179.13,DR,343.9,BRANCH,Transaction 851,FAILED
TXN000000000857,ACC000000000395,2025-03-09 02:04:41,DEPOSIT,4504.29,DR,17970.55,ATM,Transaction 857,SUCCESS
TXN000000000862,ACC000000000010,2025-08-25 02:04:41,DEPOSIT,7601.93,DR,14074.43,ATM,Transaction 862,PENDING
TXN000000000870,ACC000000000084,2025-09-10 02:04:41,DEPOSIT,3939.93,CR,38568.13,MOBILE,Transaction 870,SUCCESS
TXN000000000878,ACC000000000472,2025-03-28 02:04:41,DEPOSIT,7086.47,DR,11295.84,ONLINE,Transaction 878,SUCCESS
TXN000000000882,ACC000000000903,2025-07-18 02:04:41,DEPOSIT,310.35,DR,33995.48,POS,Transaction 882,SUCCESS
TXN000000000887,ACC000000001355,2025-09-01 02:04:41,DEPOSIT,2584.8,DR,36321.31,POS,Transaction 887,SUCCESS
TXN000000000889,ACC000000000297,2025-02-06 02:04:41,DEPOSIT,2949.03,CR,21686.71,ATM,Transaction 889,PENDING
TXN000000000891,ACC000000000456,2025-03-09 02:04:41,DEPOSIT,6965.2,DR,31683.07,BRANCH,Transaction 891,PENDING
TXN000000000892,ACC000000000897,2025-03-16 02:04:41,DEPOSIT,5612.98,DR,27508.19,BRANCH,Transaction 892,SUCCESS
TXN000000000894,ACC000000000913,2025-04-06 02:04:41,DEPOSIT,7029.05,CR,23959.21,ONLINE,Transaction 894,SUCCESS
TXN000000000898,ACC000000000386,2025-12-03 02:04:41,DEPOSIT,951.48,DR,18904.16,MOBILE,Transaction 898,FAILED
TXN000000000903,ACC000000000200,2025-03-19 02:04:41,DEPOSIT,2147.99,CR,10108.14,POS,Transaction 903,SUCCESS
TXN000000000911,ACC000000001049,2025-09-10 02:04:41,DEPOSIT,8374.2,DR,44650.39,POS,Transaction 911,SUCCESS
TXN000000000913,ACC000000001436,2025-02-09 02:04:41,DEPOSIT,2332.08,DR,22900.84,BRANCH,Transaction 913,SUCCESS
TXN000000000916,ACC000000000051,2025-03-19 02:04:41,DEPOSIT,4384.08,CR,12326.41,MOBILE,Transaction 916,PENDING
TXN000000000933,ACC000000001497,2025-07-06 02:04:41,DEPOSIT,2480.61,DR,16840.61,POS,Transaction 933,FAILED
TXN000000000934,ACC000000000335,2025-07-18 02:04:41,DEPOSIT,6369.82,DR,14716.36,ONLINE,Transaction 934,SUCCESS
TXN000000000938,ACC000000001059,2025-08-07 02:04:41,DEPOSIT,3875.96,DR,32103.53,MOBILE,Transaction 938,FAILED
TXN000000000940,ACC000000000627,2025-03-26 02:04:41,DEPOSIT,8524.33,DR,38182.2,ONLINE,Transaction 940,SUCCESS
TXN000000000948,ACC000000001463,2025-03-09 02:04:41,DEPOSIT,5756.36,CR,46275.63,POS,Transaction 948,SUCCESS
TXN000000000949,ACC000000000229,2025-04-17 02:04:41,DEPOSIT,829.9,DR,14067.59,MOBILE,Transaction 949,SUCCESS
TXN000000000964,ACC000000001089,2025-02-11 02:04:41,DEPOSIT,4468.23,CR,38041.45,ONLINE,Transaction 964,FAILED
TXN000000000973,ACC000000001453,2025-04-04 02:04:41,DEPOSIT,7703.61,DR,7952.68,BRANCH,Transaction 973,SUCCESS
TXN000000000979,ACC000000000216,2025-02-13 02:04:41,DEPOSIT,795.73,CR,17553.35,MOBILE,Transaction 979,SUCCESS
TXN000000000986,ACC000000001091,2025-12-15 02:04:41,DEPOSIT,9760.21,CR,36385.5,ATM,Transaction 986,SUCCESS
TXN000000001001,ACC000000000093,2025-04-08 02:04:41,DEPOSIT,2023.64,DR,21179.04,ATM,Transaction 1001,SUCCESS
TXN000000001004,ACC000000001160,2025-11-09 02:04:41,DEPOSIT,6726.08,CR,12716.77,ATM,Transaction 1004,FAILED
TXN000000001006,ACC000000000771,2025-09-21 02:04:41,DEPOSIT,1107.65,DR,32754.19,ONLINE,Transaction 1006,SUCCESS
TXN000000001008,ACC000000001174,2025-10-10 02:04:41,DEPOSIT,5034.96,DR,6461.78,MOBILE,Transaction 1008,SUCCESS
TXN000000001014,ACC000000001364,2025-08-04 02:04:41,DEPOSIT,5272.73,DR,1093.87,ONLINE,Transaction 1014,SUCCESS
TXN000000001015,ACC000000001158,2025-12-02 02:04:41,DEPOSIT,4912.51,CR,45094.88,ATM,Transaction 1015,PENDING
TXN000000001022,ACC000000000558,2025-12-09 02:04:41,DEPOSIT,4323.91,DR,10590.88,ATM,Transaction 1022,SUCCESS
TXN000000001027,ACC000000001186,2025-07-24 02:04:41,DEPOSIT,4256.84,DR,10380.06,MOBILE,Transaction 1027,SUCCESS
TXN000000001029,ACC000000001352,2025-05-04 02:04:41,DEPOSIT,4069.6,DR,44313.14,ONLINE,Transaction 1029,SUCCESS
TXN000000001031,ACC000000000261,2025-08-02 02:04:41,DEPOSIT,6384.11,CR,41134.3,MOBILE,Transaction 1031,FAILED
TXN000000001034,ACC000000000062,2025-09-07 02:04:41,DEPOSIT,306.04,CR,2570.85,POS,Transaction 1034,PENDING
TXN000000001041,ACC000000000087,2025-09-16 02:04:41,DEPOSIT,7943.78,CR,31036.26,ONLINE,Transaction 1041,FAILED
TXN000000001043,ACC000000001368,2025-06-03 02:04:41,DEPOSIT,9789.27,DR,39330.6,POS,Transaction 1043,FAILED
TXN000000001044,ACC000000001001,2025-01-31 02:04:41,DEPOSIT,4464.13,DR,33378.1,BRANCH,Transaction 1044,FAILED
TXN000000001067,ACC000000000893,2025-03-03 02:04:41,DEPOSIT,5865.24,DR,1102.82,ATM,Transaction 1067,PENDING
TXN000000001068,ACC000000001359,2025-03-20 02:04:41,DEPOSIT,2981.59,CR,21898.13,MOBILE,Transaction 1068,FAILED
TXN000000001071,ACC000000000606,2025-12-25 02:04:41,DEPOSIT,7501.1,DR,28618.64,ONLINE,Transaction 1071,PENDING
TXN000000001072,ACC000000001195,2025-04-27 02:04:41,DEPOSIT,8257.6,DR,9564.26,POS,Transaction 1072,FAILED
TXN000000001095,ACC000000000454,2025-07-09 02:04:41,DEPOSIT,2963.89,DR,9446.25,POS,Transaction 1095,FAILED
TXN000000001097,ACC000000000296,2025-01-28 02:04:41,DEPOSIT,5847.49,CR,48717.17,ATM,Transaction 1097,SUCCESS
TXN000000001099,ACC000000001275,2025-04-04 02:04:41,DEPOSIT,6705.24,CR,17623.1,MOBILE,Transaction 1099,SUCCESS
TXN000000001103,ACC000000001382,2025-07-12 02:04:41,DEPOSIT,5921.48,DR,155.63,BRANCH,Transaction 1103,SUCCESS
TXN000000001123,ACC000000000777,2025-05-17 02:04:41,DEPOSIT,9848.23,CR,22453.18,ATM,Transaction 1123,SUCCESS
TXN000000001125,ACC000000000936,2025-01-26 02:04:41,DEPOSIT,854.42,CR,9893.2,ATM,Transaction 1125,FAILED
TXN000000001143,ACC000000000515,2025-02-15 02:04:41,DEPOSIT,4558.39,DR,27372.83,ONLINE,Transaction 1143,SUCCESS
TXN000000001146,ACC000000000578,2025-10-29 02:04:41,DEPOSIT,540.87,CR,29728.62,POS,Transaction 1146,PENDING
TXN000000001149,ACC000000000437,2025-07-30 02:04:41,DEPOSIT,6330.42,CR,23049.82,ONLINE,Transaction 1149,SUCCESS
TXN000000001171,ACC000000001365,2025-06-01 02:04:41,DEPOSIT,8834.32,DR,29717.66,ATM,Transaction 1171,PENDING
TXN000000001183,ACC000000001473,2026-01-13 02:04:41,DEPOSIT,5191.67,CR,12634.6,ATM,Transaction 1183,SUCCESS
TXN000000001185,ACC000000001102,2025-08-28 02:04:41,DEPOSIT,6260.76,DR,41982.12,ONLINE,Transaction 1185,SUCCESS
TXN000000001192,ACC000000001446,2025-10-28 02:04:41,DEPOSIT,1857.08,DR,8531.15,BRANCH,Transaction 1192,PENDING
TXN000000001193,ACC000000000427,2026-01-12 02:04:41,DEPOSIT,1287.74,DR,14584.35,BRANCH,Transaction 1193,PENDING
TXN000000001194,ACC000000001172,2025-01-25 02:04:41,DEPOSIT,8924.58,DR,11308.12,ATM,Transaction 1194,SUCCESS
TXN000000001195,ACC000000000908,2025-11-19 02:04:41,DEPOSIT,5910.17,DR,16281.04,ONLINE,Transaction 1195,FAILED
TXN000000001196,ACC000000000421,2025-06-14 02:04:41,DEPOSIT,2758.24,DR,24068.66,MOBILE,Transaction 1196,SUCCESS
TXN000000001197,ACC000000000455,2025-09-12 02:04:41,DEPOSIT,3202.63,CR,39883.9,ONLINE,Transaction 1197,SUCCESS
TXN000000001198,ACC000000000682,2025-11-10 02:04:41,DEPOSIT,9618.49,CR,42811.25,POS,Transaction 1198,SUCCESS
TXN000000001208,ACC000000000040,2025-06-05 02:04:41,DEPOSIT,2494.89,CR,37643.79,MOBILE,Transaction 1208,SUCCESS
TXN000000001214,ACC000000001340,2025-08-20 02:04:41,DEPOSIT,1006.59,DR,25528.19,MOBILE,Transaction 1214,SUCCESS
TXN000000001219,ACC000000000446,2025-11-24 02:04:41,DEPOSIT,7857.15,CR,49130.69,ONLINE,Transaction 1219,SUCCESS
TXN000000001227,ACC000000001215,2025-12-22 02:04:41,DEPOSIT,4492.45,CR,17255.6,ONLINE,Transaction 1227,PENDING
TXN000000001244,ACC000000001303,2025-04-26 02:04:41,DEPOSIT,3704.13,CR,24673.58,BRANCH,Transaction 1244,FAILED
TXN000000001249,ACC000000001464,2025-04-08 02:04:41,DEPOSIT,1472.22,DR,37067.24,ONLINE,Transaction 1249,SUCCESS
TXN000000001257,ACC000000001161,2025-12-21 02:04:41,DEPOSIT,787.31,DR,22653.25,MOBILE,Transaction 1257,FAILED
TXN000000001262,ACC000000000706,2025-05-06 02:04:41,DEPOSIT,4956.18,CR,5084.74,POS,Transaction 1262,SUCCESS
TXN000000001266,ACC000000000575,2025-02-04 02:04:41,DEPOSIT,4922.65,CR,35403.12,BRANCH,Transaction 1266,SUCCESS
TXN000000001275,ACC000000000436,2025-02-15 02:04:41,DEPOSIT,8621.91,DR,47156.73,ONLINE,Transaction 1275,SUCCESS
TXN000000001277,ACC000000000212,2025-09-14 02:04:41,DEPOSIT,8031.84,CR,9060.28,BRANCH,Transaction 1277,FAILED
TXN000000001279,ACC000000000478,2025-02-08 02:04:41,DEPOSIT,3718.77,CR,2286.93,ONLINE,Transaction 1279,SUCCESS
TXN000000001287,ACC000000001303,2025-07-18 02:04:41,DEPOSIT,9526.12,CR,32649.73,ATM,Transaction 1287,PENDING
TXN000000001293,ACC000000000696,2025-11-23 02:04:41,DEPOSIT,9916.34,DR,11397.48,ONLINE,Transaction 1293,SUCCESS
TXN000000001303,ACC000000000946,2025-05-19 02:04:41,DEPOSIT,1789.52,CR,16046.18,BRANCH,Transaction 1303,SUCCESS
TXN000000001304,ACC000000001103,2025-08-19 02:04:41,DEPOSIT,1521.53,CR,40832.84,ATM,Transaction 1304,SUCCESS
TXN000000001306,ACC000000000146,2025-11-01 02:04:41,DEPOSIT,6583.05,DR,35700.22,BRANCH,Transaction 1306,PENDING
TXN000000001317,ACC000000000504,2025-02-15 02:04:41,DEPOSIT,2593.48,DR,27976.88,MOBILE,Transaction 1317,FAILED
TXN000000001318,ACC000000000597,2025-10-27 02:04:41,DEPOSIT,2543.6,DR,2245.1,MOBILE,Transaction 1318,SUCCESS
TXN000000001320,ACC000000000465,2025-03-20 02:04:41,DEPOSIT,1166.69,DR,22866.13,BRANCH,Transaction 1320,SUCCESS
TXN000000001322,ACC000000000205,2025-02-15 02:04:41,DEPOSIT,3783.22,DR,8165.0,ATM,Transaction 1322,PENDING
TXN000000001323,ACC000000000399,2025-04-15 02:04:41,DEPOSIT,2644.3,CR,12239.96,BRANCH,Transaction 1323,FAILED
TXN000000001328,ACC000000000591,2025-10-09 02:04:41,DEPOSIT,958.1,CR,19818.5,ONLINE,Transaction 1328,SUCCESS
TXN000000001336,ACC000000000071,2025-02-28 02:04:41,DEPOSIT,5225.02,DR,16588.93,MOBILE,Transaction 1336,SUCCESS
TXN000000001340,ACC000000000465,2025-08-24 02:04:41,DEPOSIT,3613.26,CR,40451.6,BRANCH,Transaction 1340,FAILED
TXN000000001341,ACC000000000511,2025-11-03 02:04:41,DEPOSIT,7544.92,DR,45386.82,ONLINE,Transaction 1341,SUCCESS
TXN000000001360,ACC000000001141,2025-03-26 02:04:41,DEPOSIT,6674.92,CR,42119.66,POS,Transaction 1360,FAILED
TXN000000001368,ACC000000001471,2025-07-13 02:04:41,DEPOSIT,6202.98,DR,5766.9,POS,Transaction 1368,FAILED
TXN000000001371,ACC000000001088,2025-06-21 02:04:41,DEPOSIT,3288.47,DR,15691.82,POS,Transaction 1371,FAILED
TXN000000001375,ACC000000001279,2025-07-27 02:04:41,DEPOSIT,5341.93,DR,29848.24,POS,Transaction 1375,SUCCESS
TXN000000001380,ACC000000001486,2025-12-24 02:04:41,DEPOSIT,4178.74,DR,22934.59,BRANCH,Transaction 1380,SUCCESS
TXN000000001387,ACC000000001136,2025-12-04 02:04:41,DEPOSIT,766.82,CR,48621.9,MOBILE,Transaction 1387,SUCCESS
TXN000000001395,ACC000000000704,2025-04-09 02:04:41,DEPOSIT,4882.37,CR,40581.23,POS,Transaction 1395,PENDING
TXN000000001396,ACC000000000818,2025-03-10 02:04:41,DEPOSIT,4824.94,DR,17880.28,MOBILE,Transaction 1396,PENDING
TXN000000001399,ACC000000000617,2025-10-02 02:04:41,DEPOSIT,2086.76,DR,19462.81,BRANCH,Transaction 1399,SUCCESS
TXN000000001405,ACC000000000351,2025-03-11 02:04:41,DEPOSIT,6627.89,DR,22283.1,BRANCH,Transaction 1405,SUCCESS
TXN000000001407,ACC000000000008,2026-01-12 02:04:41,DEPOSIT,3137.1,DR,5588.95,MOBILE,Transaction 1407,FAILED
TXN000000001410,ACC000000000516,2025-06-12 02:04:41,DEPOSIT,3792.67,CR,4191.08,ONLINE,Transaction 1410,SUCCESS
TXN000000001413,ACC000000000472,2025-09-30 02:04:41,DEPOSIT,6005.89,CR,46737.23,ONLINE,Transaction 1413,SUCCESS
TXN000000001425,ACC000000001219,2025-08-03 02:04:41,DEPOSIT,22.28,CR,18462.77,BRANCH,Transaction 1425,FAILED
TXN000000001429,ACC000000000217,2025-03-23 02:04:41,DEPOSIT,3161.48,DR,36614.92,BRANCH,Transaction 1429,SUCCESS
TXN000000001452,ACC000000000755,2025-04-26 02:04:41,DEPOSIT,1466.19,CR,12329.19,BRANCH,Transaction 1452,SUCCESS
TXN000000001472,ACC000000000956,2025-10-14 02:04:41,DEPOSIT,858.47,DR,44662.64,MOBILE,Transaction 1472,PENDING
TXN000000001478,ACC000000000590,2026-01-04 02:04:41,DEPOSIT,5171.28,CR,22036.2,ATM,Transaction 1478,SUCCESS
TXN000000001487,ACC000000000604,2025-04-04 02:04:41,DEPOSIT,5761.07,DR,10982.2,ATM,Transaction 1487,FAILED
TXN000000001498,ACC000000001366,2025-06-20 02:04:41,DEPOSIT,6324.97,DR,9645.75,MOBILE,Transaction 1498,SUCCESS
TXN000000001506,ACC000000001255,2025-03-31 02:04:41,DEPOSIT,6705.5,DR,28441.05,ATM,Transaction 1506,FAILED
TXN000000001508,ACC000000001287,2025-02-16 02:04:41,DEPOSIT,205.33,DR,39476.56,BRANCH,Transaction 1508,SUCCESS
TXN000000001509,ACC000000000985,2025-02-13 02:04:41,DEPOSIT,6998.83,CR,25534.77,ONLINE,Transaction 1509,SUCCESS
TXN000000001517,ACC000000000613,2025-10-14 02:04:41,DEPOSIT,1324.59,DR,27248.74,ATM,Transaction 1517,FAILED
TXN000000001549,ACC000000001246,2025-02-26 02:04:41,DEPOSIT,7889.29,DR,33120.2,ONLINE,Transaction 1549,PENDING
TXN000000001554,ACC000000000468,2025-11-20 02:04:41,DEPOSIT,7473.96,CR,4495.59,ONLINE,Transaction 1554,SUCCESS
TXN000000001562,ACC000000000914,2025-12-29 02:04:41,DEPOSIT,3963.81,DR,39993.54,MOBILE,Transaction 1562,SUCCESS
TXN000000001570,ACC000000001263,2025-02-13 02:04:41,DEPOSIT,2694.07,DR,12998.91,ATM,Transaction 1570,SUCCESS
TXN000000001571,ACC000000000211,2025-10-22 02:04:41,DEPOSIT,2857.99,DR,21591.54,POS,Transaction 1571,PENDING
TXN000000001577,ACC000000000613,2025-10-19 02:04:41,DEPOSIT,3875.52,DR,49470.57,ATM,Transaction 1577,SUCCESS
TXN000000001585,ACC000000001483,2026-01-16 02:04:41,DEPOSIT,5884.87,DR,487.17,ONLINE,Transaction 1585,SUCCESS
TXN000000001613,ACC000000000869,2025-07-27 02:04:41,DEPOSIT,465.91,CR,41972.18,BRANCH,Transaction 1613,SUCCESS
TXN000000001621,ACC000000000583,2025-07-01 02:04:41,DEPOSIT,1589.81,CR,33490.65,ONLINE,Transaction 1621,SUCCESS
TXN000000001632,ACC000000000816,2025-07-29 02:04:41,DEPOSIT,501.76,DR,41824.09,ATM,Transaction 1632,PENDING
TXN000000001639,ACC000000001397,2025-07-27 02:04:41,DEPOSIT,3203.51,DR,40180.6,MOBILE,Transaction 1639,SUCCESS
TXN000000001646,ACC000000000247,2025-08-06 02:04:41,DEPOSIT,1326.47,CR,41798.61,MOBILE,Transaction 1646,PENDING
TXN000000001647,ACC000000000008,2025-10-03 02:04:41,DEPOSIT,12.14,DR,25171.88,BRANCH,Transaction 1647,SUCCESS
TXN000000001668,ACC000000000825,2025-12-17 02:04:41,DEPOSIT,1428.74,CR,7762.75,BRANCH,Transaction 1668,SUCCESS
TXN000000001675,ACC000000000866,2026-01-08 02:04:41,DEPOSIT,7728.87,DR,7849.22,ATM,Transaction 1675,FAILED
TXN000000001691,ACC000000001358,2025-09-05 02:04:41,DEPOSIT,103.3,DR,13024.18,ONLINE,Transaction 1691,PENDING
TXN000000001693,ACC000000000267,2025-04-15 02:04:41,DEPOSIT,777.08,CR,10548.73,ATM,Transaction 1693,SUCCESS
TXN000000001717,ACC000000001200,2025-08-07 02:04:41,DEPOSIT,6218.42,DR,45860.85,BRANCH,Transaction 1717,SUCCESS
TXN000000001721,ACC000000001208,2025-06-13 02:04:41,DEPOSIT,5793.56,DR,40280.13,ONLINE,Transaction 1721,SUCCESS
TXN000000001724,ACC000000000174,2025-03-12 02:04:41,DEPOSIT,6881.65,DR,41975.87,MOBILE,Transaction 1724,SUCCESS
TXN000000001729,ACC000000001086,2025-11-11 02:04:41,DEPOSIT,4978.5,CR,9425.51,ATM,Transaction 1729,FAILED
TXN000000001733,ACC000000000477,2025-04-12 02:04:41,DEPOSIT,770.32,DR,45653.28,POS,Transaction 1733,SUCCESS
TXN000000001738,ACC000000000976,2025-04-23 02:04:41,DEPOSIT,9931.0,DR,4271.6,ONLINE,Transaction 1738,PENDING
TXN000000001740,ACC000000001175,2025-11-07 02:04:41,DEPOSIT,1839.36,CR,17856.23,BRANCH,Transaction 1740,FAILED
TXN000000001744,ACC000000001424,2025-02-24 02:04:41,DEPOSIT,825.08,CR,7506.63,BRANCH,Transaction 1744,PENDING
TXN000000001749,ACC000000001494,2025-04-16 02:04:41,DEPOSIT,3455.45,CR,32735.81,MOBILE,Transaction 1749,SUCCESS
TXN000000001761,ACC000000001322,2025-07-10 02:04:41,DEPOSIT,8255.85,DR,23952.29,ONLINE,Transaction 1761,SUCCESS
TXN000000001776,ACC000000001365,2025-03-15 02:04:41,DEPOSIT,9816.08,DR,45593.11,ATM,Transaction 1776,SUCCESS
TXN000000001782,ACC000000000826,2025-08-13 02:04:41,DEPOSIT,8285.42,DR,20276.05,ATM,Transaction 1782,SUCCESS
TXN000000001788,ACC000000000214,2025-11-05 02:04:41,DEPOSIT,5533.1,CR,47720.25,ONLINE,Transaction 1788,PENDING
TXN000000001792,ACC000000000371,2025-06-16 02:04:41,DEPOSIT,1612.26,CR,45630.96,POS,Transaction 1792,FAILED
TXN000000001795,ACC000000000746,2025-11-14 02:04:41,DEPOSIT,9550.14,CR,5144.8,MOBILE,Transaction 1795,PENDING
TXN000000001803,ACC000000000282,2025-09-22 02:04:41,DEPOSIT,8500.55,CR,15047.32,BRANCH,Transaction 1803,SUCCESS
TXN000000001808,ACC000000000223,2025-11-30 02:04:41,DEPOSIT,4130.56,DR,40064.67,POS,Transaction 1808,SUCCESS
TXN000000001809,ACC000000000386,2025-03-07 02:04:41,DEPOSIT,6269.07,DR,733.6,BRANCH,Transaction 1809,SUCCESS
TXN000000001819,ACC000000000035,2025-04-28 02:04:41,DEPOSIT,7542.86,DR,27534.75,ONLINE,Transaction 1819,PENDING
TXN000000001821,ACC000000001259,2025-05-04 02:04:41,DEPOSIT,7887.25,CR,14642.03,BRANCH,Transaction 1821,SUCCESS
TXN000000001835,ACC000000000776,2025-12-16 02:04:41,DEPOSIT,4245.0,DR,19960.25,ATM,Transaction 1835,FAILED
TXN000000001838,ACC000000000770,2025-03-20 02:04:41,DEPOSIT,8959.29,DR,29134.36,ATM,Transaction 1838,PENDING
TXN000000001844,ACC000000000832,2025-03-02 02:04:41,DEPOSIT,5169.43,DR,36122.08,ATM,Transaction 1844,FAILED
TXN000000001848,ACC000000000594,2025-11-20 02:04:41,DEPOSIT,8212.08,CR,18593.61,BRANCH,Transaction 1848,SUCCESS
TXN000000001852,ACC000000000645,2025-07-28 02:04:41,DEPOSIT,2263.08,DR,41638.12,ONLINE,Transaction 1852,SUCCESS
TXN000000001854,ACC000000000985,2025-09-01 02:04:41,DEPOSIT,9878.68,DR,17127.77,BRANCH,Transaction 1854,SUCCESS
TXN000000001856,ACC000000000346,2025-05-23 02:04:41,DEPOSIT,6932.72,CR,15193.2,POS,Transaction 1856,SUCCESS
TXN000000001861,ACC000000000756,2025-02-20 02:04:41,DEPOSIT,2225.61,DR,49791.16,ATM,Transaction 1861,SUCCESS
TXN000000001862,ACC000000001037,2025-03-02 02:04:41,DEPOSIT,49.73,DR,43960.84,ONLINE,Transaction 1862,SUCCESS
TXN000000001864,ACC000000000323,2025-03-23 02:04:41,DEPOSIT,3918.4,CR,25088.33,ATM,Transaction 1864,FAILED
TXN000000001866,ACC000000000227,2025-06-01 02:04:41,DEPOSIT,4973.39,DR,36023.31,POS,Transaction 1866,FAILED
TXN000000001870,ACC000000001491,2025-11-04 02:04:41,DEPOSIT,5971.93,DR,1564.28,BRANCH,Transaction 1870,PENDING
TXN000000001874,ACC000000000677,2025-04-19 02:04:41,DEPOSIT,4512.51,DR,35011.42,BRANCH,Transaction 1874,SUCCESS
TXN000000001877,ACC000000000497,2026-01-16 02:04:41,DEPOSIT,9012.1,DR,19544.14,ATM,Transaction 1877,SUCCESS
TXN000000001881,ACC000000000905,2025-06-18 02:04:41,DEPOSIT,8963.67,CR,19096.01,BRANCH,Transaction 1881,SUCCESS
TXN000000001882,ACC000000001478,2025-10-28 02:04:41,DEPOSIT,4659.09,CR,24445.57,ATM,Transaction 1882,SUCCESS
TXN000000001891,ACC000000000738,2025-11-26 02:04:41,DEPOSIT,5440.0,DR,15242.6,MOBILE,Transaction 1891,SUCCESS
TXN000000001892,ACC000000000134,2025-04-16 02:04:41,DEPOSIT,9773.16,DR,14938.35,ATM,Transaction 1892,SUCCESS
TXN000000001901,ACC000000000305,2025-08-04 02:04:41,DEPOSIT,7505.68,CR,22043.61,MOBILE,Transaction 1901,FAILED
TXN000000001904,ACC000000000205,2025-08-28 02:04:41,DEPOSIT,9392.61,CR,32594.19,ATM,Transaction 1904,PENDING
TXN000000001906,ACC000000000999,2025-10-25 02:04:41,DEPOSIT,3685.63,CR,36673.65,MOBILE,Transaction 1906,SUCCESS
TXN000000001908,ACC000000001349,2025-09-15 02:04:41,DEPOSIT,5705.91,CR,27311.5,POS,Transaction 1908,SUCCESS
TXN000000001914,ACC000000000614,2025-06-02 02:04:41,DEPOSIT,3033.91,CR,7400.42,ATM,Transaction 1914,SUCCESS
TXN000000001915,ACC000000001194,2026-01-07 02:04:41,DEPOSIT,9963.04,DR,44090.56,POS,Transaction 1915,SUCCESS
TXN000000001929,ACC000000001379,2025-03-26 02:04:41,DEPOSIT,4927.44,DR,1356.55,BRANCH,Transaction 1929,SUCCESS
TXN000000001945,ACC000000001156,2025-06-07 02:04:41,DEPOSIT,9372.55,CR,16293.47,ONLINE,Transaction 1945,SUCCESS
TXN000000001950,ACC000000000149,2025-07-16 02:04:41,DEPOSIT,9996.3,DR,18312.82,BRANCH,Transaction 1950,SUCCESS
TXN000000001951,ACC000000000318,2025-02-08 02:04:41,DEPOSIT,7459.94,DR,33526.3,ATM,Transaction 1951,SUCCESS
TXN000000001957,ACC000000000164,2025-07-29 02:04:41,DEPOSIT,143.04,CR,49101.11,POS,Transaction 1957,PENDING
TXN000000001961,ACC000000001010,2025-05-03 02:04:41,DEPOSIT,528.29,DR,49431.63,POS,Transaction 1961,SUCCESS
TXN000000001969,ACC000000001093,2025-10-25 02:04:41,DEPOSIT,6302.59,CR,19703.86,ATM,Transaction 1969,FAILED
TXN000000001974,ACC000000001059,2025-06-11 02:04:41,DEPOSIT,7735.0,CR,33442.37,ONLINE,Transaction 1974,SUCCESS
TXN000000001992,ACC000000000812,2026-01-06 02:04:41,DEPOSIT,4177.12,CR,12101.82,POS,Transaction 1992,SUCCESS
TXN000000002001,ACC000000001273,2025-03-19 02:04:41,DEPOSIT,1710.8,CR,11025.11,ATM,Transaction 2001,SUCCESS
TXN000000002003,ACC000000000983,2025-10-07 02:04:41,DEPOSIT,1465.29,CR,24456.83,MOBILE,Transaction 2003,SUCCESS
TXN000000002013,ACC000000001411,2025-05-09 02:04:41,DEPOSIT,2541.85,DR,20463.16,ONLINE,Transaction 2013,PENDING
TXN000000002015,ACC000000000755,2025-06-02 02:04:41,DEPOSIT,1094.3,DR,25531.29,BRANCH,Transaction 2015,SUCCESS
TXN000000002035,ACC000000000061,2025-04-17 02:04:41,DEPOSIT,4851.94,DR,43976.38,POS,Transaction 2035,SUCCESS
TXN000000002040,ACC000000000798,2025-02-01 02:04:41,DEPOSIT,4577.52,DR,19239.63,ONLINE,Transaction 2040,FAILED
TXN000000002046,ACC000000000374,2025-05-16 02:04:41,DEPOSIT,2898.63,CR,42598.26,POS,Transaction 2046,SUCCESS
TXN000000002055,ACC000000000210,2025-03-14 02:04:41,DEPOSIT,2364.63,DR,49655.39,MOBILE,Transaction 2055,FAILED
TXN000000002060,ACC000000000903,2025-11-19 02:04:41,DEPOSIT,2800.17,CR,36342.89,ONLINE,Transaction 2060,SUCCESS
TXN000000002071,ACC000000000915,2025-11-19 02:04:41,DEPOSIT,2147.25,CR,23975.54,ONLINE,Transaction 2071,SUCCESS
TXN000000002074,ACC000000000345,2025-08-14 02:04:41,DEPOSIT,5723.06,CR,45843.38,ONLINE,Transaction 2074,SUCCESS
TXN000000002083,ACC000000000741,2025-06-11 02:04:41,DEPOSIT,6407.25,CR,14249.54,BRANCH,Transaction 2083,SUCCESS
TXN000000002087,ACC000000000327,2025-01-27 02:04:41,DEPOSIT,4058.03,DR,9056.27,POS,Transaction 2087,FAILED
TXN000000002092,ACC000000000265,2025-06-27 02:04:41,DEPOSIT,6137.73,DR,44943.01,POS,Transaction 2092,PENDING
TXN000000002097,ACC000000001453,2025-10-31 02:04:41,DEPOSIT,5636.52,DR,14070.47,POS,Transaction 2097,FAILED
TXN000000002112,ACC000000000263,2025-01-31 02:04:41,DEPOSIT,8093.64,DR,42553.77,ONLINE,Transaction 2112,SUCCESS
TXN000000002118,ACC000000000350,2025-02-21 02:04:41,DEPOSIT,5479.67,DR,22299.65,ATM,Transaction 2118,PENDING
TXN000000002139,ACC000000000216,2025-08-22 02:04:41,DEPOSIT,4648.7,CR,14653.13,ATM,Transaction 2139,FAILED
TXN000000002147,ACC000000000387,2025-02-06 02:04:41,DEPOSIT,6341.02,DR,27443.9,MOBILE,Transaction 2147,PENDING
TXN000000002169,ACC000000000800,2025-03-17 02:04:41,DEPOSIT,9084.02,DR,45243.99,BRANCH,Transaction 2169,SUCCESS
TXN000000002176,ACC000000000990,2025-03-15 02:04:41,DEPOSIT,9068.78,CR,529.44,POS,Transaction 2176,SUCCESS
TXN000000002179,ACC000000000878,2025-09-14 02:04:41,DEPOSIT,4791.52,DR,21611.04,ATM,Transaction 2179,FAILED
TXN000000002181,ACC000000000238,2025-11-26 02:04:41,DEPOSIT,6513.75,DR,31494.16,ATM,Transaction 2181,SUCCESS
TXN000000002183,ACC000000000540,2025-02-04 02:04:41,DEPOSIT,3842.16,DR,11624.54,BRANCH,Transaction 2183,SUCCESS
TXN000000002192,ACC000000001036,2025-06-11 02:04:41,DEPOSIT,2856.89,CR,7282.7,ATM,Transaction 2192,PENDING
TXN000000002202,ACC000000000950,2025-02-19 02:04:41,DEPOSIT,4266.19,DR,27556.97,POS,Transaction 2202,SUCCESS
TXN000000002210,ACC000000000055,2025-11-08 02:04:41,DEPOSIT,9015.37,CR,20541.46,MOBILE,Transaction 2210,PENDING
TXN000000002211,ACC000000001090,2025-09-27 02:04:41,DEPOSIT,7466.14,CR,32762.86,POS,Transaction 2211,PENDING
TXN000000002212,ACC000000000715,2025-07-02 02:04:41,DEPOSIT,4309.56,CR,11265.32,MOBILE,Transaction 2212,SUCCESS
TXN000000002215,ACC000000001482,2025-10-08 02:04:41,DEPOSIT,4428.03,DR,47716.86,ONLINE,Transaction 2215,FAILED
TXN000000002218,ACC000000000051,2025-03-07 02:04:41,DEPOSIT,2733.74,CR,42882.16,POS,Transaction 2218,SUCCESS
TXN000000002222,ACC000000000106,2025-11-08 02:04:41,DEPOSIT,1164.45,DR,11333.11,ONLINE,Transaction 2222,FAILED
TXN000000002226,ACC000000000538,2025-05-22 02:04:41,DEPOSIT,3873.59,CR,43318.16,ATM,Transaction 2226,PENDING
TXN000000002249,ACC000000000823,2025-07-24 02:04:41,DEPOSIT,9324.45,CR,46738.43,POS,Transaction 2249,SUCCESS
TXN000000002255,ACC000000001017,2025-11-01 02:04:41,DEPOSIT,1194.62,DR,4584.51,BRANCH,Transaction 2255,SUCCESS
TXN000000002256,ACC000000000878,2025-05-04 02:04:41,DEPOSIT,8826.78,CR,36520.1,MOBILE,Transaction 2256,SUCCESS
TXN000000002262,ACC000000000916,2025-04-25 02:04:41,DEPOSIT,1107.36,DR,36384.8,MOBILE,Transaction 2262,FAILED
TXN000000002270,ACC000000000158,2025-09-20 02:04:41,DEPOSIT,8389.93,CR,10717.89,ONLINE,Transaction 2270,SUCCESS
TXN000000002272,ACC000000000136,2025-08-24 02:04:41,DEPOSIT,6683.76,CR,3770.98,ATM,Transaction 2272,PENDING
TXN000000002277,ACC000000001176,2025-10-16 02:04:41,DEPOSIT,1267.39,CR,2579.56,POS,Transaction 2277,FAILED
TXN000000002278,ACC000000000471,2025-04-29 02:04:41,DEPOSIT,5875.27,DR,24741.24,MOBILE,Transaction 2278,FAILED
TXN000000002296,ACC000000000393,2025-10-12 02:04:41,DEPOSIT,5741.22,CR,21966.14,BRANCH,Transaction 2296,PENDING
TXN000000002298,ACC000000001230,2025-09-21 02:04:41,DEPOSIT,8912.26,CR,40062.97,ONLINE,Transaction 2298,FAILED
TXN000000002307,ACC000000000309,2025-03-24 02:04:41,DEPOSIT,4802.29,DR,19244.92,ONLINE,Transaction 2307,SUCCESS
TXN000000002309,ACC000000000110,2025-09-20 02:04:41,DEPOSIT,5193.6,CR,44009.17,MOBILE,Transaction 2309,PENDING
TXN000000002314,ACC000000000181,2025-06-02 02:04:41,DEPOSIT,8548.06,CR,11272.07,ATM,Transaction 2314,FAILED
TXN000000002317,ACC000000000089,2025-09-10 02:04:41,DEPOSIT,4619.97,DR,13109.85,BRANCH,Transaction 2317,FAILED
TXN000000002320,ACC000000000129,2025-05-15 02:04:41,DEPOSIT,3446.36,CR,22321.81,ONLINE,Transaction 2320,SUCCESS
TXN000000002323,ACC000000001415,2026-01-04 02:04:41,DEPOSIT,6744.77,CR,20585.34,MOBILE,Transaction 2323,FAILED
TXN000000002326,ACC000000000829,2025-03-07 02:04:41,DEPOSIT,6249.42,DR,6448.4,MOBILE,Transaction 2326,SUCCESS
TXN000000002330,ACC000000001493,2025-06-18 02:04:41,DEPOSIT,2527.87,DR,24260.85,ONLINE,Transaction 2330,SUCCESS
TXN000000002336,ACC000000000320,2025-07-27 02:04:41,DEPOSIT,2648.13,DR,29037.52,POS,Transaction 2336,SUCCESS
TXN000000002338,ACC000000000205,2025-08-21 02:04:41,DEPOSIT,605.68,DR,40986.72,POS,Transaction 2338,SUCCESS
TXN000000002340,ACC000000000911,2025-10-05 02:04:41,DEPOSIT,2141.38,CR,15255.5,ONLINE,Transaction 2340,SUCCESS
TXN000000002347,ACC000000000795,2025-08-17 02:04:41,DEPOSIT,9067.79,CR,32746.81,BRANCH,Transaction 2347,SUCCESS
TXN000000002373,ACC000000000434,2025-01-27 02:04:41,DEPOSIT,8016.39,CR,32956.53,ONLINE,Transaction 2373,SUCCESS
TXN000000002389,ACC000000000249,2025-05-06 02:04:41,DEPOSIT,8016.01,CR,29874.0,POS,Transaction 2389,FAILED
TXN000000002399,ACC000000000122,2025-11-30 02:04:41,DEPOSIT,9483.98,CR,21229.67,MOBILE,Transaction 2399,PENDING
TXN000000002405,ACC000000001071,2025-12-05 02:04:41,DEPOSIT,6499.4,CR,21562.05,ONLINE,Transaction 2405,SUCCESS
TXN000000002426,ACC000000000510,2025-09-30 02:04:41,DEPOSIT,5266.92,CR,35879.83,ONLINE,Transaction 2426,SUCCESS
TXN000000002431,ACC000000000993,2025-05-22 02:04:41,DEPOSIT,9555.18,CR,27036.59,MOBILE,Transaction 2431,SUCCESS
TXN000000002435,ACC000000000703,2025-06-26 02:04:41,DEPOSIT,2328.82,DR,9154.71,BRANCH,Transaction 2435,SUCCESS
TXN000000002446,ACC000000000342,2025-06-08 02:04:41,DEPOSIT,3674.2,DR,20068.41,ONLINE,Transaction 2446,SUCCESS
TXN000000002447,ACC000000001098,2026-01-08 02:04:41,DEPOSIT,7334.74,DR,25734.73,POS,Transaction 2447,SUCCESS
TXN000000002450,ACC000000000096,2025-08-08 02:04:41,DEPOSIT,4181.04,CR,10795.97,ATM,Transaction 2450,PENDING
TXN000000002458,ACC000000000941,2025-06-28 02:04:41,DEPOSIT,6039.28,DR,31432.68,BRANCH,Transaction 2458,PENDING
TXN000000002459,ACC000000000917,2025-11-22 02:04:41,DEPOSIT,337.5,DR,7352.43,ATM,Transaction 2459,SUCCESS
TXN000000002463,ACC000000001081,2025-02-16 02:04:41,DEPOSIT,7596.12,CR,44040.26,ATM,Transaction 2463,SUCCESS
TXN000000002467,ACC000000000089,2025-10-18 02:04:41,DEPOSIT,660.49,CR,26569.54,ATM,Transaction 2467,SUCCESS
TXN000000002482,ACC000000000945,2025-09-25 02:04:41,DEPOSIT,3190.37,CR,35737.15,POS,Transaction 2482,PENDING
TXN000000002483,ACC000000000096,2025-11-04 02:04:41,DEPOSIT,8179.67,DR,15699.16,BRANCH,Transaction 2483,SUCCESS
TXN000000002501,ACC000000001488,2025-10-19 02:04:41,DEPOSIT,5859.55,CR,34666.79,POS,Transaction 2501,SUCCESS
TXN000000002502,ACC000000000731,2025-04-14 02:04:41,DEPOSIT,5313.97,CR,137.46,POS,Transaction 2502,FAILED
TXN000000002514,ACC000000000488,2025-06-15 02:04:41,DEPOSIT,1053.26,DR,3759.09,POS,Transaction 2514,PENDING
TXN000000002515,ACC000000000339,2025-06-08 02:04:41,DEPOSIT,8437.23,CR,38975.65,BRANCH,Transaction 2515,FAILED
TXN000000002516,ACC000000000217,2025-01-26 02:04:41,DEPOSIT,8465.08,CR,42494.16,ONLINE,Transaction 2516,SUCCESS
TXN000000002523,ACC000000000203,2025-08-31 02:04:41,DEPOSIT,6503.49,DR,37227.87,ONLINE,Transaction 2523,SUCCESS
TXN000000002532,ACC000000000094,2025-07-07 02:04:41,DEPOSIT,1554.51,DR,6622.64,MOBILE,Transaction 2532,FAILED
TXN000000002541,ACC000000000588,2025-09-02 02:04:41,DEPOSIT,828.51,DR,16397.42,POS,Transaction 2541,PENDING
TXN000000002544,ACC000000001052,2026-01-10 02:04:41,DEPOSIT,2446.82,DR,31889.01,POS,Transaction 2544,SUCCESS
TXN000000002548,ACC000000000925,2025-11-03 02:04:41,DEPOSIT,1780.64,CR,7686.28,ATM,Transaction 2548,SUCCESS
TXN000000002552,ACC000000001314,2025-04-09 02:04:41,DEPOSIT,5836.0,DR,25698.43,ATM,Transaction 2552,SUCCESS
TXN000000002553,ACC000000001217,2025-06-10 02:04:41,DEPOSIT,6989.69,DR,21440.82,ATM,Transaction 2553,SUCCESS
TXN000000002558,ACC000000000176,2025-03-12 02:04:41,DEPOSIT,5772.39,CR,10761.48,MOBILE,Transaction 2558,SUCCESS
TXN000000002559,ACC000000000697,2025-03-23 02:04:41,DEPOSIT,3577.71,DR,44352.52,MOBILE,Transaction 2559,SUCCESS
TXN000000002560,ACC000000001248,2025-10-02 02:04:41,DEPOSIT,7532.78,DR,10282.08,MOBILE,Transaction 2560,SUCCESS
TXN000000002563,ACC000000000409,2025-05-07 02:04:41,DEPOSIT,5434.81,CR,913.64,BRANCH,Transaction 2563,PENDING
TXN000000002564,ACC000000000966,2025-02-03 02:04:41,DEPOSIT,9254.62,CR,5081.66,ATM,Transaction 2564,SUCCESS
TXN000000002565,ACC000000000155,2025-04-05 02:04:41,DEPOSIT,9351.89,DR,18746.46,BRANCH,Transaction 2565,FAILED
TXN000000002574,ACC000000001008,2025-11-11 02:04:41,DEPOSIT,3615.79,CR,31089.79,ATM,Transaction 2574,FAILED
TXN000000002575,ACC000000000219,2025-09-09 02:04:41,DEPOSIT,4539.81,DR,37505.66,ATM,Transaction 2575,PENDING
TXN000000002578,ACC000000001269,2025-06-30 02:04:41,DEPOSIT,2555.2,DR,35610.76,BRANCH,Transaction 2578,PENDING
TXN000000002579,ACC000000000188,2025-12-18 02:04:41,DEPOSIT,8137.57,CR,8660.79,POS,Transaction 2579,FAILED
TXN000000002588,ACC000000000950,2025-07-21 02:04:41,DEPOSIT,6418.9,DR,5792.78,MOBILE,Transaction 2588,SUCCESS
TXN000000002589,ACC000000000478,2025-05-19 02:04:41,DEPOSIT,2952.87,CR,20994.73,ONLINE,Transaction 2589,PENDING
TXN000000002596,ACC000000000912,2025-03-12 02:04:41,DEPOSIT,2454.78,CR,2457.35,ONLINE,Transaction 2596,SUCCESS
TXN000000002600,ACC000000000799,2025-06-23 02:04:41,DEPOSIT,9325.72,DR,1552.79,ATM,Transaction 2600,PENDING
TXN000000002604,ACC000000000151,2025-10-19 02:04:41,DEPOSIT,7090.57,DR,10674.33,BRANCH,Transaction 2604,SUCCESS
TXN000000002607,ACC000000001233,2025-06-23 02:04:41,DEPOSIT,8046.66,DR,46883.88,BRANCH,Transaction 2607,PENDING
TXN000000002617,ACC000000000597,2025-03-10 02:04:41,DEPOSIT,1107.06,CR,33229.36,ATM,Transaction 2617,SUCCESS
TXN000000002622,ACC000000001471,2025-12-16 02:04:41,DEPOSIT,2825.77,CR,27371.48,BRANCH,Transaction 2622,FAILED
TXN000000002636,ACC000000000589,2025-03-09 02:04:41,DEPOSIT,4759.72,CR,42776.34,POS,Transaction 2636,SUCCESS
TXN000000002639,ACC000000000897,2025-11-15 02:04:41,DEPOSIT,1224.59,DR,1443.99,BRANCH,Transaction 2639,SUCCESS
TXN000000002654,ACC000000000980,2025-12-05 02:04:41,DEPOSIT,1610.9,CR,7024.16,MOBILE,Transaction 2654,SUCCESS
TXN000000002658,ACC000000000777,2025-11-06 02:04:41,DEPOSIT,5932.09,CR,32306.77,MOBILE,Transaction 2658,FAILED
TXN000000002668,ACC000000000470,2025-11-16 02:04:41,DEPOSIT,4454.21,DR,48879.24,POS,Transaction 2668,SUCCESS
TXN000000002670,ACC000000001266,2025-06-28 02:04:41,DEPOSIT,4145.48,CR,4658.97,POS,Transaction 2670,SUCCESS
TXN000000002690,ACC000000000925,2025-07-24 02:04:41,DEPOSIT,5472.55,CR,5770.05,MOBILE,Transaction 2690,SUCCESS
TXN000000002694,ACC000000000204,2025-03-23 02:04:41,DEPOSIT,4085.16,CR,34048.62,POS,Transaction 2694,PENDING
TXN000000002701,ACC000000000316,2026-01-19 02:04:41,DEPOSIT,9364.48,CR,43460.3,ATM,Transaction 2701,SUCCESS
TXN000000002703,ACC000000001149,2025-11-20 02:04:41,DEPOSIT,4263.19,CR,12186.16,MOBILE,Transaction 2703,SUCCESS
TXN000000002704,ACC000000001492,2025-09-22 02:04:41,DEPOSIT,5959.51,CR,17393.12,BRANCH,Transaction 2704,FAILED
TXN000000002708,ACC000000001217,2025-12-07 02:04:41,DEPOSIT,3537.37,DR,43061.77,ATM,Transaction 2708,SUCCESS
TXN000000002710,ACC000000000134,2025-10-07 02:04:41,DEPOSIT,9983.86,DR,42168.5,POS,Transaction 2710,FAILED
TXN000000002714,ACC000000000026,2025-06-27 02:04:41,DEPOSIT,3036.28,CR,41040.44,MOBILE,Transaction 2714,PENDING
TXN000000002719,ACC000000000997,2025-07-21 02:04:41,DEPOSIT,1446.58,DR,12859.47,ATM,Transaction 2719,FAILED
TXN000000002723,ACC000000000632,2025-09-03 02:04:41,DEPOSIT,8108.22,CR,1574.76,ONLINE,Transaction 2723,PENDING
TXN000000002730,ACC000000001369,2025-02-07 02:04:41,DEPOSIT,7944.83,CR,40534.12,MOBILE,Transaction 2730,PENDING
TXN000000002745,ACC000000000866,2025-11-10 02:04:41,DEPOSIT,2544.56,CR,20568.64,POS,Transaction 2745,FAILED
TXN000000002750,ACC000000001247,2026-01-19 02:04:41,DEPOSIT,974.94,DR,12548.57,BRANCH,Transaction 2750,SUCCESS
TXN000000002759,ACC000000001275,2025-07-22 02:04:41,DEPOSIT,6785.52,DR,26782.01,MOBILE,Transaction 2759,PENDING
TXN000000002765,ACC000000000093,2025-11-19 02:04:41,DEPOSIT,1531.69,DR,6858.03,POS,Transaction 2765,FAILED
TXN000000002772,ACC000000000286,2025-11-01 02:04:41,DEPOSIT,3257.72,DR,45630.45,BRANCH,Transaction 2772,SUCCESS
TXN000000002775,ACC000000001252,2025-04-22 02:04:41,DEPOSIT,2471.4,DR,13772.23,MOBILE,Transaction 2775,PENDING
TXN000000002786,ACC000000001061,2026-01-15 02:04:41,DEPOSIT,3396.88,CR,10134.26,MOBILE,Transaction 2786,FAILED
TXN000000002814,ACC000000000627,2025-06-07 02:04:41,DEPOSIT,5446.13,CR,9247.02,POS,Transaction 2814,FAILED
TXN000000002823,ACC000000000278,2025-02-21 02:04:41,DEPOSIT,2682.99,CR,23850.67,BRANCH,Transaction 2823,SUCCESS
TXN000000002826,ACC000000001500,2025-07-17 02:04:41,DEPOSIT,3432.94,DR,11569.54,ATM,Transaction 2826,SUCCESS
TXN000000002828,ACC000000000079,2026-01-15 02:04:41,DEPOSIT,9859.52,CR,2030.15,BRANCH,Transaction 2828,SUCCESS
TXN000000002845,ACC000000000160,2025-11-12 02:04:41,DEPOSIT,4665.72,DR,21163.34,BRANCH,Transaction 2845,PENDING
TXN000000002847,ACC000000000384,2025-07-26 02:04:41,DEPOSIT,6812.92,DR,23410.45,BRANCH,Transaction 2847,SUCCESS
TXN000000002852,ACC000000000140,2025-05-27 02:04:41,DEPOSIT,2036.71,DR,27930.73,ONLINE,Transaction 2852,SUCCESS
TXN000000002857,ACC000000000986,2025-04-25 02:04:41,DEPOSIT,9569.48,DR,37604.3,POS,Transaction 2857,SUCCESS
TXN000000002866,ACC000000001058,2025-11-04 02:04:41,DEPOSIT,1566.69,CR,8351.15,MOBILE,Transaction 2866,SUCCESS
TXN000000002882,ACC000000001018,2025-12-17 02:04:41,DEPOSIT,386.78,DR,7851.79,ATM,Transaction 2882,SUCCESS
TXN000000002885,ACC000000000606,2025-01-29 02:04:41,DEPOSIT,5555.97,DR,8916.57,ATM,Transaction 2885,SUCCESS
TXN000000002887,ACC000000001134,2025-12-01 02:04:41,DEPOSIT,9873.42,DR,28161.86,BRANCH,Transaction 2887,PENDING
TXN000000002897,ACC000000001346,2026-01-04 02:04:41,DEPOSIT,8836.11,CR,35930.99,ATM,Transaction 2897,SUCCESS
TXN000000002918,ACC000000001326,2025-12-08 02:04:41,DEPOSIT,4875.77,DR,30827.72,ONLINE,Transaction 2918,SUCCESS
TXN000000002923,ACC000000000404,2025-02-08 02:04:41,DEPOSIT,6980.27,DR,14295.02,POS,Transaction 2923,FAILED
TXN000000002928,ACC000000000480,2026-01-01 02:04:41,DEPOSIT,4349.49,DR,47759.2,ONLINE,Transaction 2928,PENDING
TXN000000002929,ACC000000001451,2025-02-03 02:04:41,DEPOSIT,9754.23,CR,1670.05,POS,Transaction 2929,FAILED
TXN000000002930,ACC000000000469,2025-11-17 02:04:41,DEPOSIT,3085.02,CR,14707.26,MOBILE,Transaction 2930,FAILED
TXN000000002936,ACC000000001159,2025-12-14 02:04:41,DEPOSIT,7674.02,CR,18992.35,MOBILE,Transaction 2936,SUCCESS
TXN000000002937,ACC000000000619,2025-06-21 02:04:41,DEPOSIT,1986.71,CR,17951.0,MOBILE,Transaction 2937,PENDING
TXN000000002938,ACC000000001410,2025-10-17 02:04:41,DEPOSIT,4541.9,DR,43405.86,ATM,Transaction 2938,PENDING
TXN000000002939,ACC000000001125,2025-03-18 02:04:41,DEPOSIT,6417.54,CR,7877.23,ATM,Transaction 2939,SUCCESS
TXN000000002942,ACC000000000854,2025-04-14 02:04:41,DEPOSIT,8341.78,DR,13355.5,MOBILE,Transaction 2942,FAILED
TXN000000002946,ACC000000000690,2025-03-31 02:04:41,DEPOSIT,5255.85,DR,17883.01,MOBILE,Transaction 2946,SUCCESS
TXN000000002949,ACC000000001288,2025-08-31 02:04:41,DEPOSIT,7220.44,CR,25043.72,BRANCH,Transaction 2949,SUCCESS
TXN000000002955,ACC000000000936,2025-09-23 02:04:41,DEPOSIT,5680.89,CR,5655.87,ATM,Transaction 2955,SUCCESS
TXN000000002957,ACC000000000867,2025-04-14 02:04:41,DEPOSIT,4438.38,CR,33473.99,ATM,Transaction 2957,FAILED
TXN000000002974,ACC000000000383,2025-04-07 02:04:41,DEPOSIT,211.7,DR,48380.74,MOBILE,Transaction 2974,SUCCESS
TXN000000002978,ACC000000000718,2025-09-15 02:04:41,DEPOSIT,5757.31,DR,36182.99,POS,Transaction 2978,PENDING
TXN000000002982,ACC000000000185,2025-06-16 02:04:41,DEPOSIT,5597.32,DR,6106.53,BRANCH,Transaction 2982,SUCCESS
TXN000000002996,ACC000000000783,2026-01-04 02:04:41,DEPOSIT,4544.98,DR,42418.14,ATM,Transaction 2996,PENDING
TXN000000003000,ACC000000000146,2025-10-15 02:04:41,DEPOSIT,9758.12,DR,34509.47,ONLINE,Transaction 3000,SUCCESS
TXN000000003001,ACC000000000121,2025-04-19 02:04:41,DEPOSIT,9753.05,DR,15486.61,MOBILE,Transaction 3001,SUCCESS
TXN000000003005,ACC000000000126,2025-01-26 02:04:41,DEPOSIT,5557.94,DR,28144.6,BRANCH,Transaction 3005,PENDING
TXN000000003008,ACC000000000244,2025-07-09 02:04:41,DEPOSIT,4649.43,CR,18493.77,ATM,Transaction 3008,PENDING
TXN000000003009,ACC000000000449,2025-03-22 02:04:41,DEPOSIT,647.1,DR,38922.42,ATM,Transaction 3009,PENDING
TXN000000003012,ACC000000000844,2025-07-05 02:04:41,DEPOSIT,8173.81,DR,21078.17,MOBILE,Transaction 3012,SUCCESS
TXN000000003014,ACC000000001337,2025-05-20 02:04:41,DEPOSIT,4843.66,CR,23305.75,ONLINE,Transaction 3014,SUCCESS
TXN000000003015,ACC000000000086,2025-09-03 02:04:41,DEPOSIT,1749.84,DR,22068.94,ATM,Transaction 3015,SUCCESS
TXN000000003016,ACC000000001338,2025-10-07 02:04:41,DEPOSIT,5588.77,CR,40872.38,POS,Transaction 3016,SUCCESS
TXN000000003018,ACC000000001378,2025-06-08 02:04:41,DEPOSIT,6115.33,CR,46367.29,BRANCH,Transaction 3018,SUCCESS
TXN000000003022,ACC000000000175,2025-09-21 02:04:41,DEPOSIT,6472.14,DR,46215.15,ATM,Transaction 3022,PENDING
TXN000000003025,ACC000000000813,2025-09-02 02:04:41,DEPOSIT,3272.95,CR,2610.08,BRANCH,Transaction 3025,SUCCESS
TXN000000003029,ACC000000001475,2025-02-04 02:04:41,DEPOSIT,7668.13,DR,12729.22,ONLINE,Transaction 3029,SUCCESS
TXN000000003030,ACC000000001292,2025-01-25 02:04:41,DEPOSIT,1282.18,CR,30935.33,MOBILE,Transaction 3030,SUCCESS
TXN000000003034,ACC000000000532,2025-03-31 02:04:41,DEPOSIT,5513.99,DR,41759.74,BRANCH,Transaction 3034,FAILED
TXN000000003038,ACC000000001000,2025-09-03 02:04:41,DEPOSIT,5399.12,CR,37683.86,ONLINE,Transaction 3038,SUCCESS
TXN000000003048,ACC000000001163,2025-07-15 02:04:41,DEPOSIT,646.46,DR,39295.24,POS,Transaction 3048,PENDING
TXN000000003049,ACC000000000269,2025-09-27 02:04:41,DEPOSIT,2441.76,CR,19708.75,BRANCH,Transaction 3049,FAILED
TXN000000003057,ACC000000000539,2025-06-13 02:04:41,DEPOSIT,4011.61,CR,3423.32,ONLINE,Transaction 3057,PENDING
TXN000000003062,ACC000000000853,2025-06-09 02:04:41,DEPOSIT,1231.35,CR,24829.01,ATM,Transaction 3062,PENDING
TXN000000003067,ACC000000000052,2025-08-04 02:04:41,DEPOSIT,4681.4,DR,24162.25,ONLINE,Transaction 3067,SUCCESS
TXN000000003069,ACC000000000398,2025-11-25 02:04:41,DEPOSIT,3637.6,DR,43084.79,MOBILE,Transaction 3069,SUCCESS
TXN000000003078,ACC000000000232,2025-08-14 02:04:41,DEPOSIT,8221.24,DR,37223.57,ATM,Transaction 3078,PENDING
TXN000000003094,ACC000000001346,2025-10-18 02:04:41,DEPOSIT,8073.2,DR,14654.95,MOBILE,Transaction 3094,PENDING
TXN000000003102,ACC000000000950,2025-11-26 02:04:41,DEPOSIT,1455.2,CR,32941.88,ONLINE,Transaction 3102,PENDING
TXN000000003105,ACC000000001331,2025-03-02 02:04:41,DEPOSIT,482.76,CR,30081.55,POS,Transaction 3105,SUCCESS
TXN000000003112,ACC000000000179,2025-01-24 02:04:41,DEPOSIT,3971.3,DR,48278.28,BRANCH,Transaction 3112,SUCCESS
TXN000000003125,ACC000000000519,2025-10-17 02:04:41,DEPOSIT,2882.05,DR,2766.65,ATM,Transaction 3125,FAILED
TXN000000003140,ACC000000000877,2025-03-05 02:04:41,DEPOSIT,508.19,CR,49344.34,POS,Transaction 3140,SUCCESS
