citizen_id,aadhaar,pension,scheme,subsidy,tax,income,expiry_date
1001,123456789012,5000,Pension Scheme A,200,1500,60000,2030-12-31
1002,123456789013,6000,Pension Scheme B,250,1800,72000,2031-01-15
1003,123456789014,4500,Pension Scheme A,180,1200,54000,2030-06-20
1004,123456789015,7000,Pension Scheme C,300,2000,84000,2032-03-05
1005,123456789016,5200,Pension Scheme B,220,1600,62400,2031-11-10
1006,123456789017,4800,Pension Scheme A,190,1400,57600,2030-09-25
1007,123456789018,7500,Pension Scheme D,350,2500,90000,2032-07-01
1008,123456789019,5300,Pension Scheme B,210,1700,63600,2031-05-12
1009,123456789020,4700,Pension Scheme A,185,1350,56400,2030-02-18
1010,123456789021,6800,Pension Scheme C,290,2200,81600,2032-10-30
1011,123456789022,5100,Pension Scheme B,200,1550,61200,2031-08-22
1012,123456789023,4900,Pension Scheme A,195,1450,58800,2030-11-15
1013,123456789024,7600,Pension Scheme D,360,2600,91200,2032-01-09
1014,123456789025,5200,Pension Scheme B,225,1650,62400,2031-03-27
1015,123456789026,4800,Pension Scheme A,190,1400,57600,2030-07-14
1016,123456789027,7000,Pension Scheme C,300,2000,84000,2032-06-05
1017,123456789028,5100,Pension Scheme B,210,1550,61200,2031-12-19
1018,123456789029,4900,Pension Scheme A,195,1450,58800,2030-04-28
1019,123456789030,7500,Pension Scheme D,350,2500,90000,2032-09-12
1020,123456789031,5300,Pension Scheme B,220,1700,63600,2031-02-10
1021,123456789032,4700,Pension Scheme A,185,1350,56400,2030-10-21
1022,123456789033,6800,Pension Scheme C,290,2200,81600,2032-05-18
1023,123456789034,5000,Pension Scheme B,200,1500,60000,2031-07-03
1024,123456789035,4800,Pension Scheme A,190,1400,57600,2030-08-29
1025,123456789036,7600,Pension Scheme D,360,2600,91200,2032-03-30
1026,123456789037,5200,Pension Scheme B,225,1650,62400,2031-09-14
1027,123456789038,4900,Pension Scheme A,195,1450,58800,2030-12-01
1028,123456789039,7000,Pension Scheme C,300,2000,84000,2032-11-23
1029,123456789040,5100,Pension Scheme B,210,1550,61200,2031-01-05
1030,123456789041,4900,Pension Scheme A,195,1450,58800,2030-06-30
